[
    {
      "title": "Australia with Bali",
      "image": "/assets/img/destination/australia-2.jpg",
      "pdf": "/assets/pdf/14 Days Australia with Bali 03N Melbourne 04N-Sydney-3N Cairns-3N Bali.pdf",
      "description": "14 Days Australia with Bali 03N Melbourne 04N-Sydney-3N Cairns-3N Bali"
    },
    {
      "title": "Australia with New Zealand",
      "image": "/assets/img/destination/australia-1.jpg",
      "pdf": "/assets/pdf/15 Days Australia with New Zealand-04N Sydney-03N Gold Coast-02N Auckland-02N Queenstown-01N Franz Josef-02N Christchurch.pdf",
      "description": "15 Days Australia with New Zealand-04N Sydney-03N Gold Coast-02N Auckland-02N Queenstown-01N Franz Josef-02N Christchurch"
    },
    {
      "title": "Australia with Singapore",
      "image": "/assets/img/destination/singapore2.jpg",
      "pdf": "/assets/pdf/14 Days Australia with Singapore 04N Sydney-03N Melbourne-3N Gold Coast-3N Singapore.pdf",
      "description": "14 Days Australia with Singapore 04N Sydney-03N Melbourne-3N Gold Coast-3N Singapore"
    },
    {
      "title": "Australia with Singapore",
      "image": "/assets/img/destination/singapore1.jpg",
      "pdf": "/assets/pdf/13 Days Australia with Singapore 03N Melbourne-03N Sydney-3N Cairns-3N Singapore.pdf",
      "description": "13 Days Australia with Singapore 03N Melbourne-03N Sydney-3N Cairns-3N Singapore"
    },
    {
      "title": "Azerbaijan with Kazakhstan",
      "image": "/assets/img/destination/baku.png",
      "pdf": "/assets/pdf/11 Days Azerbaijan with Kazakhstan-04N Baku-03N Astana-03N Almaty.pdf",
      "description": "11 Days Azerbaijan with Kazakhstan-04N Baku-03N Astana-03N Almaty"
    },
    {
      "title": "Australia",
      "image": "/assets/img/destination/australia-4.jpg",
      "pdf": "/assets/pdf/10 Days Australia 03N Sydney-03N Melbourne-3N Gold Coast.pdf",
      "description": "10 Days Australia 03N Sydney-03N Melbourne-3N Gold Coast"
    },
    {
      "title": "Azerbaijan with Kazakhstan",
      "image": "/assets/img/destination/amlaty.png",
      "pdf": "/assets/pdf/08 Days Azerbaijan with Kazakhstan 04N Almaty-03N Baku.pdf",
      "description": "08 Days Azerbaijan with Kazakhstan 04N Almaty-03N Baku"
    },
    {
      "title": "Kazakhstan",
      "image": "/assets/img/destination/canada1.jpg",
      "pdf": "/assets/pdf/06 Days Kazakhstan-05N Almaty.pdf",
      "description": "06 Days Kazakhstan-05N Almaty"
    }
  ]
  